<?xml version="1.0" encoding="UTF-8"?>
<project-private xmlns="http://www.netbeans.org/ns/project-private/1">
    <editor-bookmarks xmlns="http://www.netbeans.org/ns/editor-bookmarks/2" lastBookmarkId="0"/>
    <open-files xmlns="http://www.netbeans.org/ns/projectui-open-files/2">
        <group>
            <file>file:/C:/Users/HP/Desktop/mvc2023/src/Vista/VistaPrincipal.java</file>
            <file>file:/C:/Users/HP/Desktop/mvc2023/src/Modelo/Persona.java</file>
            <file>file:/C:/Users/HP/Desktop/mvc2023/src/Modelo/ConectPG.java</file>
            <file>file:/C:/Users/HP/Desktop/mvc2023/src/Vista/VistaPos.java</file>
            <file>file:/C:/Users/HP/Desktop/mvc2023/src/Controlador/ControlPersona.java</file>
            <file>file:/C:/Users/HP/Desktop/mvc2023/src/Modelo/ModeloPersona.java</file>
            <file>file:/C:/Users/HP/Desktop/mvc2023/src/Vista/VistaPersonas.java</file>
        </group>
    </open-files>
</project-private>
